ID;Musica;Artista(s);Genero
562;Illinois Blues;Alvin Youngblood Hart& Skip James;Blues
1417;Zelie;Angelique Kidjo;Blues
1237;The Thrill Is Gone;B.b. King;Blues
1125;St.louis Blues;Bessie Smith;Blues
458;Hey Hey;Big Bill Broonzy;Blues
495;How You Want It Done;Big Bill Broonzy;Blues
1382;Worried Man Blues;Big Bill Broonzy;Blues
82;Baby Please Don't Go;Big Joe Williams;Blues
763;Low Down Dirty Shame;Big Joe Williams;Blues
1276;Trouble Will Soon Be Over;Blind Willie Johnson;Blues
482;Hoochie Coochie Man;Buddy Guy;Blues
396;Give Me Freedom;Carmen Twillie;Blues
817;Moon Going Down;Charlie Patton;Blues
308;Easy To Be Hard;Cheryl Barnes;Blues
206;Couldn't Get It Right;Climax Blues Band;Blues
98;Bei Mir Bistu Shein;Cora Green;Blues
377;Gamblin' Man;David Honeyboy Edwards;Blues
340;Feel So Good;Dr. Ross;Blues
703;Levee Camp Blues;Eddie James Son House;Blues
16;A Thing Called Joe;Ethel Waters;Blues
228;Darkies Never Dream;Ethel Waters;Blues
1187;Taking A Chance On Love;Ethel Waters;Blues
952;Quicksand;Ethel Waters;Blues
1050;Shake 'em On Down;Fred Mcdowell;Blues
1313;Washington Dc Hospital Center Blues;Garland Jeffreys;Blues
1083;Slow Down;J.b.lenoir;Blues
1077;Sittin' On Top Of The World;James Blood Ulmer & Alison Krauss;Blues
607;It Might As Well Be Spring;Jeanne Crain;Blues
278;Don't You Know;Jimmy Clanton & Sandy Stewart;Blues
575;I'm Leaving;John Lee Hooker;Blues
1278;Tupelo,mississippi;John Lee Hooker;Blues
648;Jumping Jack Flash;Johnny Winter;Blues
757;Love Me Right In The Morning;Lavern Baker;Blues
742;Lord, lord, lord;Lead Belly;Blues
918;Pick A Bale Of Cotton;Lead Belly;Blues
1185;Take This Hammer;Lead Belly;Blues
1312;Walking The Back Streets And Crying;Little Milton;Blues
428;Harlem Blues;Mamie Smith;Blues
558;I'll Do Everything For Love;Mamie Smith;Blues
621;Jail House Blues;Mamie Smith;Blues
741;Lord! Lord!;Mamie Smith;Blues
778;Mama, That Moon Is Here Again;Martha Raye;Blues
731;Lonesome Valley;Mississippi John Hurt;Blues
406;Got My Mojo Working;Muddy Waters;Blues
483;Hoochie Coochie Man;Muddy Waters;Blues
1397;You Can't Lose What You Ain't Never Had;Muddy Waters;Blues
1126;St.louis Blues;Natalie Cole;Blues
631;Jim Crow Blues (lead Belly);Odetta;Blues
1353;Who Are We To Say;Paul Carr & Freda Holloway;Blues
179;Children Of Zion;Reverend Gary Davis;Blues
234;Death Don't Have No Mercy;Reverend Gary Davis;Blues
20;Acoustic Version;Rita Hayworth;Blues
946;Put The Blame On Mame;Rita Hayworth;Blues
214;Crossroads;Robert Johnson;Blues
750;Love In Vain;Robert Johnson;Blues
1174;Sweet Home Chicago;Robert Johnson;Blues
136;Boogie Street;Sharon Robinson;Blues
425;Hard Time Killing Floor Blues;Skip James;Blues
1134;Steppin' Out Tonight;The Andrews Sisters;Blues
1053;Shakin' All Over;The Guess Who;Blues
299;Dust My Broom;The Howlin' Wolf;Blues
494;How Many More Years;The Howlin' Wolf;Blues
1051;Shake It For Me;The Howlin' Wolf;Blues
1089;Smokestack Lightnin';The Howlin' Wolf;Blues
1321;Weak Brain And Narrow Mind;Willie Dixon;Blues
109;Black Betty;James Iron Head Baker;Blues
1122;Spike Driver Blues;Mississippi John Hurt;Blues
85;Bad Bad Whiskey;Amos Milburne;Blues
380;Georgia On My Mind;Ray Charles;Blues
733;Long Tall Sally;Little Richard;Blues
1260;Tiger Rag;Mills Brothers;Blues
1244;The World Is Waiting For Sunrise;The Larks;Blues
132;Bo Diddley;Bo Diddley;Blues
133;Bo Put The Rock In Rock&roll;Bo Diddley;Blues
414;Gunslinger;Bo Diddley;Blues
456;Hey Bo Diddley;Bo Diddley;Blues
976;Roadrunner;Bo Diddley;Blues
193;Cocaine;Eric Clapton;Blues
329;Eyesight To The Blind;Eric Clapton;Blues
459;Hey Hey;Eric Clapton;Blues
530;I Shot The Sheriff;Eric Clapton;Blues
546;If I Had Possession Over Judgement Day;Eric Clapton;Blues
668;Knockin' On Heaven's Door;Eric Clapton;Blues
689;Layla;Eric Clapton;Blues
748;Love In Vain;Eric Clapton;Blues
807;Milk Cow's Calf Blues;Eric Clapton;Blues
821;Motherless Child;Eric Clapton;Blues
958;Ramblin' On My Mind;Eric Clapton;Blues
1070;Sign Language;Eric Clapton;Blues
1373;Wonderful Tonight;Eric Clapton;Blues
215;Crossroads;Eric Clapton;Blues
32;Albatross;Fleetwood Mac;Rock
289;Dragonfly;Fleetwood Mac;Rock
784;Man Of The World;Fleetwood Mac;Rock
840;My Heart Beat Like A Hammer;Fleetwood Mac;Rock
879;Oh Well;Fleetwood Mac;Rock
1215;The Green Manalishi;Fleetwood Mac;Rock
511;I Feel So Good;J.b.lenoir;Rock
25;After Midnight;J.j.cale;Rock
88;Ball And Chain;Janis Joplin;Rock
218;Cry Baby;Janis Joplin;Rock
822;Move Over;Janis Joplin;Rock
1156;Summertime;Janis Joplin;Rock
1379;Work Me Lord;Janis Joplin;Rock
41;All Night Long;Skip James;Rock
1124;Spinning Wheel Blues;Status Quo;Rock
212;Crimson And Clover;Tommy James & The Shondells;Rock
613;It's All Over Now, Baby Blue;Bob Dylan;Rock
398;Glad All Over;Carl Perkins;Rock
410;Grandes Sucessos;Roberto Carlos;Latin
1184;T For Texas;Jimmie Rodgers;Country
1309;Waiting For A Train;Jimmie Rodgers;Country
252;Do It ('til You're Satisfied);B.t. Express;Disco
1297;Use It Up And Wear It Out;Odissey;Disco
1287;Una Notte Speciale;Alice;Electronic
665;Knock On Wood;Amii Stewart;Electronic
580;I'm Outta Love;Anastacia;Electronic
1109;Sorry Im A Lady;Baccara;Electronic
1249;Theme From The Warriors;Barry De Vorzon;Electronic
112;Black Is Black;Belle Epoque;Electronic
966;Reverend Black Grape;Black Grape;Electronic
960;Rasputin;Boney M;Electronic
1135;Still I'm Sad;Boney M;Electronic
1159;Sunny;Boney M;Electronic
409;Gotta Go Home;Boney M;Electronic
1346;Where Have You Been;Cimorelli_200;Electronic
510;I Feel Love;Donna Summer;Electronic
767;Macarthur Park;Donna Summer;Electronic
1061;She Works Hard For The Money;Donna Summer;Electronic
309;Ederlezi;Goran Bregovic;Electronic
798;Mega-mix;Grease;Electronic
1035;Sealed With A Kiss;Jason Donovan;Electronic
1233;The Power Of Love;Jennifer Rush;Electronic
42;All Night Long;Lionel Richie;Electronic
777;Maledetta Primavera;Loretta Goggi;Electronic
1274;Trojan Horse;Luv;Electronic
1344;Where Have You Been;Rihanna;Electronic
276;Don't Stop 'til You Get Enough;Michael Jackson;Electronic
1253;This Will Be (an Everlasting Love);Natalie Cole;Electronic
927;Please Don't Go;No Mercy;Electronic
771;Maid Of Orleans (the Waltz Joan Of Arc);Omd;Electronic
338;Feel;Robbie Williams;Electronic
753;Love Is The Drug;Roxy Music;Electronic
905;Paradise;Sade;Electronic
269;Don't Let Me Be Misunderstood;Santa Esmeralda;Electronic
394;Ginger Red;Saragossa Band;Electronic
195;Colour Of Love;Snap;Electronic
34;Alive;Sonique;Electronic
606;It Feels So Good;Sonique;Electronic
1080;Sky;Sonique;Electronic
823;Move This;Technotronic;Electronic
943;Pump Up The Jam;Technotronic;Electronic
1250;This Beat Is Technotronic;Technotronic;Electronic
68;Aquarius & Let The Sun Shine In;The 5th Dimension;Electronic
154;Burn Rubber On Me (why You Wanna Hurt Me);The Gap Band;Electronic
959;Rapper's Delight;The Sugarhill Gang;Electronic
1405;You Set My Heart On Fire;Tina Charles;Electronic
435;He Wasn't Man Enough;Toni Braxton;Electronic
1301;Vienna;Ultravox;Electronic
1081;Slippin Into Darkness;War;Electronic
291;Dream Big;Jazmine Sullivan;Electronic
937;Pritty Things;Kleeer;Electronic
710;Listen To The Buddha;Ozo;Electronic
91;Be What You Are;Supermax;Electronic
441;Heaven Must Be Missing An Angel;Tavares;Electronic
302;Early In The Morning;The Gap Band;Electronic
275;Don't Stop The Music;Yarbrough & Peoples;Electronic
273;Don't Mess With My Man;Lucy Pearl;Electronic
680;Lady Marmelade;Labelle;Electronic
464;Hey Joe;Seal;Electronic
345;Fire;Pointer Sisters;Electronic
1232;The Power;Snap;Electronic
992;Rollin' (air Raid Vehicle);Limp Bizkit;Electronic
662;King Of Sorrow;Sade;Electronic
554;If You Go Away;Dusty Springfield;Electronic
1284;Two Brothers;Dusty Springfield;Electronic
217;Crush;Jennifer Paige;Electronic
28;Ain't No Doubt;Jimmy Nail;Electronic
160;Cambodia;Kim Wilde;Electronic
1334;When I Die;No Mercy;Electronic
1283;Twist In My Sobriety;Tanita Tikaram;Electronic
237;Delilah;Tom Jones;Electronic
1063;She's A Lady;Tom Jones;Electronic
1239;The Way She Moves;Zion;Electronic
351;Fleurs Du Mal;Sarah Brightman;Electronic
226;Dancing In The City;Marshall Hain;Electronic
1299;Venus;Shocking Blue;Electronic
1300;Venus;Shocking Blue;Electronic
186;Ci Sara';Al Bano & Romina Power;Electronic
100;Between The Eyes;Amon Duul Ii;Electronic
325;Everything Will Turn Out Fine;Ebony;Electronic
1148;Stupid Girl;Garbage;Electronic
64;Another Day In Paradise;Phil Collins;Electronic
313;Electric Head, Pt. 2 (the Ecstasy);White Zombie;Electronic
1043;Sempre Sempre;Al Bano & Romina Power;Electronic
1091;Sober;Pink;Electronic
714;Little Man;Sonny & Cher;Electronic
1029;Say You, Say Me;Lionel Richie;Electronic
1227;The One;White Zombie;Electronic
1047;Sete Mares;Matheus E Kauan;Electronic
691;Le Freak;Chic;Electronic
594;In The Name Of The Father;Black Grape;Electronic
1372;Wonderful Life;Black;Electronic
239;Der Kommissar;Falco;Electronic
805;Michelle Martinez;Have You Been;Electronic
256;Do You Love My Music;Horace Andy;Electronic
1406;You Sexy Thing;Hot Chocolate;Electronic
355;Fly Robin Fly;Silver Convention;Electronic
279;Don't You Worry Child Ft. John Martin;Swedish House Mafia;Electronic
272;Don't Look Back;Fine Young Cannibals;Electronic
401;Good Thing;Fine Young Cannibals;Electronic
578;I'm Not The Man I Used To Be;Fine Young Cannibals;Electronic
1059;She Drives Me Crazy;Fine Young Cannibals;Electronic
1168;Suspicious Minds;Fine Young Cannibals;Electronic
507;I Don't Hurt Anymore;Hank Snow;Folk
968;Rhumba Boogie;Hank Snow;Folk
369;Freedom Sometimes I Feel Like A Motherless Child;Richie Havens;Folk
1368;With God On Our Side;Bob Dylan;Folk
883;Once A Day;Connie Smith;Folk
1263;Time In A Bottle;Jim Croce;Folk
59;Annie's Song;John Denver;Folk
1409;Younger Generation;John Sebastian;Folk
349;Five Feet High And Risin;Johnny Cash;Folk
1225;The Night They Drove Old Dixie Down;Johnny Cash;Folk
548;If I Were A Carpenter;Johnny Cash;Folk
791;Me And Bobby Mcgee;Kris Kristofferson;Folk
449;Help Me Make It Through The Night;Kris Kristofferson;Folk
108;Black Betty;Lead Belly;Folk
426;Hard Time Killing Floor Blues;Lucinda Williams;Folk
1008;Rose Garden;Lynn Anderson;Folk
315;Elizabethan;Magna Carta;Folk
664;Knock Knock Who's There;Mary Hopkins;Folk
949;Que Sera, Sera (whatever Will Be, Will Be);Mary Hopkins;Folk
1254;Those Were The Days;Mary Hopkins;Folk
643;Jolene;Mindy Smith;Folk
1194;Tennessee Waltz;Patti Page;Folk
545;If I Had A Hammer;Peter ,paul & Mary;Folk
787;Marina;Rocco Granata;Folk
924;Plava Ptica (Blue Bird);Sanja Ilic & Balkanika;Folk
1129;Stand By Your Man;Tammy Wynette;Folk
460;Hey Joe;Tim Rose;Folk
1162;Sunshine Day;Osibisa;Folk
1044;Sensitive Kind;J.j.cale;Folk
1343;Where Do You Go To (my Lovely);Peter Sarstedt;Folk
444;Hello Buddy;The Tremeloes;Folk
1349;Whiskey In The Jar;Thin Lizzy;Folk
672;Lady;Kenny Rogers;Folk
1362;Will The Circle Be Unbroken;Pentangle;Folk
1150;Subterranean Homesick Blues;Bob Dylan;Folk
243;Devil Got My Woman;Bonnie Raitt;Folk
1407;You'll Be There;Clyde Mcphatter;Soul
1238;The Undisco Kidd (the Girl Is Bad!);Parliament-Funkadelic;Soul
135;Boogie Oogie;A Taste Of Honey;Soul
1210;The Devil Send You To Lorado;Baccara;Soul
1388;Yes Sir I Can Boogie;Baccara;Soul
489;Hound Dog;Big Mama Thornton;Soul
845;My Sweet Lord;Billy Preston;Soul
223;Daddy Cool;Boney M;Soul
552;If Only I Had You;Brook Benton;Soul
957;Rainy Night In Georgia;Brook Benton;Soul
1145;Strawberry Letter 23;Brothers Johnson;Soul
681;Land Of 1000 Dances;Cannibal & The Headhunters;Soul
167;Catch The Cat;Cherry Laine;Soul
682;Land Of 1000 Dances;Chris Kenner;Soul
735;Long Train Running;Doobie Brothers;Soul
330;Fall In Love With Me;Earth, Wind & Fire;Soul
701;Let's Groovie;Earth, Wind & Fire;Soul
333;Fantasy;Earth, Wind & Fire;Soul
877;Oh Happy Day;Edwin Hawkins Singers;Soul
1123;Spill The Wine;Eric Burdon & War;Soul
505;I Can't Stand The Rain;Eruption;Soul
889;One Way Ticket;Eruption;Soul
1014;Runaway;Eruption;Soul
296;Duke Of Earl;Gene Chandler;Soul
984;Rock Your Baby;George Mccrae;Soul
948;Que Sera Mi Vida;Gibson Brothers;Soul
448;Help Me Make It Through The Night;Gladys Knight;Soul
248;Disco Stomp;Hamilton Bohannon;Soul
357;Footstompin Music;Hamilton Bohannon;Soul
198;Come Together;Ike & Tina Turner;Soul
618;I've Been Loving You Too Long;Ike & Tina Turner;Soul
941;Proud Mary;Ike & Tina Turner;Soul
1311;Walk On By;Isaac Hayes;Soul
381;Georgia On My Mind;James Brown;Soul
388;Get Up (i Feel Like Being Like A) Sex Machine;James Brown;Soul
611;It's A Man's, Man's World;James Brown;Soul
909;Payback;James Brown;Soul
633;Jody's Got Your Girl And Gone;Johnnie Taylor;Soul
4;(Shake, Shake, Shake) Shake Your Booty;Kc & The Sunshine Band;Soul
581;I'm Your Boogieman;Kc & The Sunshine Band;Soul
1199;Thats The Way (i Like It);Kc & The Sunshine Band;Soul
168;Celebration;Kool And The Gang;Soul
385;Get Down On It;Kool And The Gang;Soul
649;Jungle Boogie;Kool And The Gang;Soul
671;Ladies Night;Kool And The Gang;Soul
443;Hello;Lionel Richie;Soul
227;Dancing In The Street;Martha And The Vandellas;Soul
1186;Take This Heart Of Mine;Marvin Gaye;Soul
762;Lovin' You;Minnie Riperton;Soul
204;Cosmic Slop;Parliament-Funkadelic;Soul
599;Instrumental;Parliament-Funkadelic;Soul
673;Lady Bump;Penny Mclean;Soul
197;Come Softly To Me;Percy Sledge;Soul
1332;When A Man Loves A Woman;Percy Sledge;Soul
660;Killing Me Softly;Roberta Flack;Soul
746;Love Don't Live Here Anymore;Rose Royce;Soul
1204;The Breakdown;Rufus Thomas;Soul
531;I Thank You;Sam And Dave;Soul
1056;Shame Shame Shame;Shirley And Company;Soul
264;Don't Give Up On Me;Solomon Burke;Soul
1166;Superstition;Stevie Wonder;Soul
1104;Son Of Shaft;The Bar Kays;Soul
143;Brick House;The Commodores;Soul
862;Nightshift;The Commodores;Soul
1255;Three Times A Lady;The Commodores;Soul
1328;What You See Is What You Get;The Dramatics;Soul
910;Peace Be Still;The Emotions;Soul
646;Jump Children;The Flamingos;Soul
353;Float On;The Floaters;Soul
80;Baby I Need Your Lovin;The Four Tops;Soul
550;If I Were A Carpenter;The Four Tops;Soul
766;Macarthur Park;The Four Tops;Soul
961;Reach Out Ill Be There;The Four Tops;Soul
1400;You Dropped A Bomb On Me;The Gap Band;Soul
120;Blame It On The Boogie;The Jacksons;Soul
161;Can You Feel The Force;The Real Thing;Soul
1251;This Hammer;The Spencer Davis Group;Soul
965;Respect Yourself;The Staple Singers;Soul
1319;We The People;The Staple Singers;Soul
1341;Where Did Our Love Go;The Supremes;Soul
1396;You Can't Hurry Love;The Supremes;Soul
225;Dance Little Lady Dance;Tina Charles;Soul
188;Cisco Kid;War;Soul
376;Galaxy;War;Soul
764;Low Rider;War;Soul
1243;The World Is A Ghetto;War;Soul
925;Play That Funky Music;Wild Cherry;Soul
593;In The Midnight Hour;Wilson Pickett;Soul
684;Land Of A Thousand Dances;Wilson Pickett;Soul
1140;Stop The World Tonight;Percy Sledge;Soul
162;Can't Believe It;T-pain Feat. Lil' Wayne;Soul
1084;Slow Wind;R.kelly;Soul
375;Funky Stuff;Kool And The Gang;Soul
316;Emma;Hot Chocolate;Soul
440;Heaven Is In The Back Seat Of My Cadillac;Hot Chocolate;Soul
947;Put Your Love In Me;Hot Chocolate;Soul
1090;So You Win Again;Hot Chocolate;Soul
729;Lonely Teardrops;Jackie Wilson;Soul
1370;Without You;Mariah Carey;Soul
971;Right Back Where We Started From;Maxine Nightingale;Soul
893;Only You;The Platters;Soul
1214;The Great Pretender;The Platters;Soul
1058;Shark In The Water;Vanessa Brown;Soul
455;Here Comes The Sun;Richie Havens;Soul
1404;You Send Me;Sam Cooke;Soul
90;Bango Bongo;Supermax;Soul
27;Again;Lenny Kravitz;Soul
48;Always On The Run;Lenny Kravitz;Soul
52;American Woman;Lenny Kravitz;Soul
70;Are You Gonna Go My Way;Lenny Kravitz;Soul
246;Dig In;Lenny Kravitz;Soul
354;Fly Away;Lenny Kravitz;Soul
697;Let Love Rule;Lenny Kravitz;Soul
826;Mr. Cab Driver;Lenny Kravitz;Soul
979;Rock And Roll Is Dead;Lenny Kravitz;Soul
387;Get Ready;Rare Earth;Soul
1241;The Witch Queen Of New Orleans;Redbone;Soul
1095;Somebody Help Me;The Spencer Davis Group;Soul
1338;When The Going Gets Tough, The Tough Get Going;Billy Ocean;Soul
1414;You're No Good;Betty Everett;Soul
159;California Love;2 Pac & Dr. Dre;Hip Hop
332;Fantastic Voyage;Coolio;Hip Hop
378;Gangsta's Paradise;Coolio;Hip Hop
390;Ghetto Square Dance;Coolio;Hip Hop
950;Que Tengo Que Hacer;Daddy Yankee;Hip Hop
38;All Good;De La Soul & Chaka Khan;Hip Hop
1391;Yesterday;Diddy Dirty Money Ft. Chris Brown;Hip Hop
661;Killing Me Softly;Fugees;Hip Hop
170;Certified;Glasses Malone Feat. Akon;Hip Hop
324;Everything Is Everything;Lauryn Hill;Hip Hop
920;Pimp Juice;Nelly;Hip Hop
78;Atliens;Outkast;Hip Hop
222;Da Art Of Story Tellin';Outkast;Hip Hop
314;Elevators (me & You);Outkast;Hip Hop
471;Hey Ya;Outkast;Hip Hop
829;Ms. Jackson;Outkast;Hip Hop
926;Player's Ball;Outkast;Hip Hop
939;Prototype;Outkast;Hip Hop
1009;Roses;Outkast;Hip Hop
1240;The Way You Move;Outkast;Hip Hop
1345;Where Have You Been;Rihanna;Hip Hop
1286;Two Wrongs;Wyclef Jean;Hip Hop
1;911;Wyclef Jean;Hip Hop
839;My Girl & I'm Losing You;The Temptations;Hip Hop
407;Got The Time;Anthrax;Hip Hop
1173;Sweet Georgia Brown;Anita O'day;Jazz
1189;Tea For Two;Anita O'day;Jazz
224;Daddy Won't You Please Come Home;Annette Hanshaw;Jazz
366;Forget Me Not;Annette Hanshaw;Jazz
1317;We Just Couldnt Say Goodbye.;Annette Hanshaw;Jazz
1303;Vietnam Blues;Cassandra Wilson;Jazz
666;Knock Three Times;Dawn;Jazz
480;Honeysuckle Rose;Dinah Shore;Jazz
418;Gypsy Jazz;Django Reinhardt;Jazz
706;Life Story;Django Reinhardt;Jazz
1175;Swing;Django Reinhardt;Jazz
811;Minor Swing;Django Reinhardt & Stephane Grappelli;Jazz
107;Black & Tan Fantasy;Duke Ellington;Jazz
295;Duke Ellington Orchestra;Duke Ellington;Jazz
602;Is She My My Girl Friend (how De-ow-dow);Edythe Flynn;Jazz
1212;The Flesh Failures (let The Sunshine In);Galt Macdermot;Jazz
1302;Viens Phiphine;Jean Gabin & Josephine Baker;Jazz
858;Nice 'n' Slow;Jesse Green;Jazz
1294;Unlucky Woman (born On A Friday);Lena Horne;Jazz
1339;When The Saints Go Marching In;Louis Armstrong;Jazz
1324;West End Blues;Louis Armstrong;Jazz
152;Buona Sera Signorina;Louis Prima;Jazz
503;I Can't Give You Anything But Love;Louis Prima;Jazz
568;I'm An Occidental Woman In An Oriental Mood;Mae West;Jazz
813;Mister Deep Blue Sea;Mae West;Jazz
1363;Willie Of The Valley;Mae West;Jazz
23;Afraid Of You;Marion Harris;Jazz
26;After You've Gone;Marion Harris;Jazz
572;I'm Funny That Way;Marion Harris;Jazz
1176;Swing It, Sister;Mills Brothers;Jazz
29;Ain't She Sweet;Milton Ager & Jack Yallen;Jazz
1356;Why Don't You Do Right;Peggy Lee;Jazz
506;I Cover The Waterfront;Peggy Lee;Jazz
49;Amado Mio;Rita Hayworth;Jazz
573;I'm Funny That Way;Ruth Etting;Jazz
885;One Good Turn;Ruth Etting;Jazz
891;Only The Right Man Can Do Me Wrong;Sophie Tucker;Jazz
1093;Some Of These Days;Sophie Tucker;Jazz
1218;The Last Of The Red Hot Mamas;Sophie Tucker;Jazz
92;Beat It;Stanley Clark, Marcus Miller Victor Wooten;Jazz
141;Bounce Me Brother With A Solid Four;The Andrews Sisters;Jazz
1247;Theme From Shaft;Isaac Hayes;Jazz
84;Backlash Blues;Nina Simone;Jazz
268;Don't Let Me Be Misunderstood;Nina Simone;Jazz
317;Erets Zavat Chalav;Nina Simone;Jazz
534;I Want A Little Sugar In My Bowl;Nina Simone;Jazz
540;I Wish I Knew How It Would Feel To Be Free;Nina Simone;Jazz
654;Just Like Tom Thumb's Blues;Nina Simone;Jazz
824;Mr Bojangles;Nina Simone;Jazz
831;My Baby Just Cares For Me;Nina Simone;Jazz
1006;Romeo And Juliet Fantasy Overture (tchaikovsky);Nina Simone;Jazz
1075;Single Woman;Nina Simone;Jazz
1171;Suzanne;Nina Simone;Jazz
1327;What You Gonna Do;Nina Simone;Jazz
1420;Zungo;Nina Simone;Jazz
71;Are You Sure;Staple Singers;Jazz
1138;Stomp;The Brothers Johnson;Jazz
1295;Up Above My Head;Sister Rosetta Tharpe;Jazz
779;Mambo Italiano;Rosemary Clooney;Jazz
1141;Stormy Weather;Lena Horne;Jazz
187;Cielito Lindo;Mills Brothers;Jazz
137;Boogie Woogie Bugle Boy;The Andrews Sisters;Jazz
496;Hula-ba-luau;The Andrews Sisters;Jazz
557;I'll Be With You When It's Apple Blossom;The Andrews Sisters;Jazz
210;Crazy People;The Boswell Sisters;Jazz
442;Heebie Jeebies;The Boswell Sisters;Jazz
462;Hey Joe;Willy Deville;Jazz
509;I Don't Want To Talk About It;Rod Stewart & Amy Belle;Jazz
504;I Can't Keep From Crying;Ten Years After;Jazz
566;I'm A Man;Chicago Transit Authority;Jazz
155;Bust Your Windows;Jazmine Sullivan;Soul
1021;Samba Pa Ti;Carlos Santana;Latin
776;Malaguena;Dario Moreno;Latin
361;For Your Love;The Yardbirds;Rock
1269;Train Kept A Rollin';The Yardbirds;Rock
74;Arrivederci Roma;Mario Lanza & Luisa Di Meo;Opera
1132;Statesboro Blues;Allman Brothers Band;Blues
174;Che Angelo Sei;Al Bano & Romina Power;Pop
1057;Sharazan;Al Bano & Romina Power;Pop
1202;The Anniversary Song;Al Jolson;Pop
1144;Strano;Anna Rusticano;Pop
1152;Sugar,sugar;Archies;Pop
535;I Want It That Way;Backstreet Boys;Pop
953;Quit Playing Games (with My Heart);Backstreet Boys;Pop
145;Broken-hearted Girl;Beyonce;Pop
1034;Sealed With A Kiss;Brian Hyland;Pop
40;All Kinds Of Everything;Dana;Pop
584;Imagine;David Archuleta;Pop
232;Dear Mrs Applebee;David Garrick;Pop
322;Everybody Loves Somebody;Dean Martin;Pop
780;Mambo Italiano;Dean Martin;Pop
799;Memories Are Made Of This;Dean Martin;Pop
1200;That's Amore;Dean Martin;Pop
843;My Rifle, My Pony And Me;Dean Martin;Pop
364;Forever And Ever;Demis Roussos;Pop
404;Goodbye My Love Goodbye;Demis Roussos;Pop
837;My Friend The Wind;Demis Roussos;Pop
1076;Volare;Domenico Modugno;Pop
917;Piccola E Fragile;Drupi;Pop
284;Down In Mississippi;Eagle Eye Cherry & Jb Ulmer Vs. J.b. Lenoir;Pop
288;Downhearted;Eddie Fisher;Pop
695;Les Bicyclettes De Belsize;Engelbert Humperdink;Pop
929;Please Release Me;Engelbert Humperdink;Pop
1118;Spanish Eyes;Engelbert Humperdink;Pop
336;Feel;Fernando Zimmermann;Pop
1069;Siempre;Freda Holloway;Pop
1101;Something's Gotten Hold Of My Heart;Gene Pitney;Pop
1102;Somewhere In The Country;Gene Pitney;Pop
788;Marrie Jeanne;George Baker Selection;Pop
847;Nathalie;George Baker Selection;Pop
1288;Una Paloma Blanca;George Baker Selection;Pop
1010;Rosetta;Georgie Fame & Alan Price;Pop
343;Ferry Cross The Mersey;Gerry & The Pacemakers;Pop
192;C'mon Everybody;Heinz Burt;Pop
420;Haiti;Josephine Baker;Pop
1114;Sous Le Ciel D'afrique;Josephine Baker;Pop
1273;Tribute To Michael Jackson In Hollywood Cere;Justin Bieber;Pop
699;Let The Heartache Begin;Long John Baldry;Pop
337;Feel;Mayca Teba;Pop
93;Beat It;Michael Jackson;Pop
797;Medley;Michael Jackson;Pop
1272;Tribute 3d On Grammy_s 2010;Michael Jackson;Pop
181;Chirpy Chirpy Cheep Cheep;Middle Of The Road;Pop
1017;Sacramento;Middle Of The Road;Pop
1092;Soley Soley;Middle Of The Road;Pop
1280;Tweedle Dee Tweedle Dum;Middle Of The Road;Pop
1266;Tip-toe Through The Tulips;Nick Lucas;Pop
173;Changing Partners;Patti Page;Pop
470;Hey Paula;Paul & Paula;Pop
727;Lonely Boy;Paul Anka;Pop
1071;Silver And Gold;Perry Como & Fontane Sisters;Pop
810;M'innamoro Di Te;Ricchi E Poveri;Pop
1016;Running Scared;Roy Orbison;Pop
544;If I Could Be With You;Ruth Etting;Pop
255;Do You Love Me;Sharif Dean;Pop
1196;Thanks To You;Teddy Randazzo;Pop
1236;The Things Your Heart Needs;Teddy Randazzo;Pop
1133;Stay With Me;The Faces;Pop
196;Come Softly To Me;The Fleetwoods;Pop
370;Freedom Come Freedom Go;The Fortunes;Pop
65;Apache;The Shadows;Pop
335;FBI;The Shadows;Pop
131;Blue Suede Tie;The Tremeloes;Pop
518;I Love To Love;Tina Charles;Pop
1390;Yesterday;Toni Braxton;Pop
712;L'italiano;Toto Cutugno;Pop
50;America;Trini Lopez;Pop
15;A Teenager's Romance;Ricky Nelson;Pop
156;Bye Bye Love;Ricky Nelson;Pop
379;Garden Party;Ricky Nelson;Pop
539;I Will Follow You;Ricky Nelson;Pop
617;It's Up To You;Ricky Nelson;Pop
730;Lonesome Town;Ricky Nelson;Pop
1270;Traveling Man;Ricky Nelson;Pop
1408;Young World;Ricky Nelson;Pop
898;Over The Rainbow;Israel Kamakawiwo;Country
740;Loop Di Love;J.bastos;Country
207;Country Roads;John Denver;Country
303;Early Morning Rain;Peter ,paul & Mary;Country
1073;Simple Song Of Freedom;Tim Hardin;Country
704;Life;Des'ree;Hip Hop
1307;Volare;Dean Martin;Jazz
342;Fernando;Abba;Pop
1213;The Free Electric Band;Albert Hammond;Pop
629;Jessica;Allman Brothers Band;Pop
334;Father & Son;Cat Stevens;Pop
674;Lady D'arbanville;Cat Stevens;Pop
1342;Where Do The Children Play;Cat Stevens;Pop
1361;Wild World;Cat Stevens;Pop
350;Five Years;David Bowie;Pop
625;Jean Genie;David Bowie;Pop
698;Let Me Sleep Beside You;David Bowie;Pop
1011;Rubber Band;David Bowie;Pop
1116;Space Oddity;David Bowie;Pop
1117;Space Oddity;David Bowie;Pop
1131;Starman;David Bowie;Pop
1151;Suffragette City;David Bowie;Pop
1216;The Jean Genie;David Bowie;Pop
1336;When I Live My Dream;David Bowie;Pop
1418;Ziggy Stardust;David Bowie;Pop
1208;The Days Of Pearly Spencer;David Mcwilliams;Pop
1258;Tie A Yellow Ribbon;Dawn;Pop
163;Can't Get It Out Of My Head;Electric Light Orchestra;Pop
261;Don't Bring Me Down;Electric Light Orchestra;Pop
686;Last Train To London;Electric Light Orchestra;Pop
720;Livin' Thing;Electric Light Orchestra;Pop
1066;Show Down;Electric Light Orchestra;Pop
1257;Ticket To The Moon;Electric Light Orchestra;Pop
1261;Tightrope;Electric Light Orchestra;Pop
760;Love Put Me Out Of My Head;Frankie Lymon & The Teenagers;Pop
1371;Without You;Harry Nilsson;Pop
849;Neanderthal Man;Hotlegs;Pop
1310;Walk Away;James Gang;Pop
623;Je T'aime;Jane Birkin & Serge Gainsbourg;Pop
446;Hello-a;Mouth & Macneal;Pop
244;Diana;Paul Anka;Pop
1399;You Do Something To Me;Paul Weller;Pop
794;Me Singing Feel By Robbie Williams;Robbie Williams;Pop
782;Mamouna;Roxy Music;Pop
853;Never Marry A Railroad Man;Shocking Blue;Pop
854;Never Release The One You Love;Shocking Blue;Pop
1147;Stumblin' In;Suzi Quatro;Pop
1335;When I Grow Up (to Be A Man);The Beach Boys;Pop
832;My Bonnie;The Beatles;Pop
892;Only When I Sleep;The Corrs;Pop
938;Promises;The Cranberries;Pop
1419;Zombie;The Cranberries;Pop
1087;Smoke Gets In Your Eyes;The Platters;Pop
123;Blockbuster;The Sweet;Pop
1413;You're No Good;The Swinging Blue Jeans;Pop
838;My Generation;The Who;Pop
903;Paper Sun;Traffic;Pop
424;Happy Together;Turtles;Pop
1329;What's A Woman;Vaya Con Dios;Pop
56;Angel Fingers;Wizzard;Pop
1096;Someone Like You;Adele;Pop
1097;Someone Like You;Adele;Pop
973;River Of No Return;Marilyn Monroe;Pop
639;Johnny Guitar;Peggy Lee;Pop
859;Nice Work If You Can Get It;Peggy Lee;Pop
1082;Sloop John B.;Beach Boys;Pop
619;I've Gotta Get A Message To You;Bee Gees;Pop
728;Lonely Days;Bee Gees;Pop
790;Massachusetts;Bee Gees;Pop
857;New York Mining Disaster 1941;Bee Gees;Pop
1378;Words;Bee Gees;Pop
1103;Son Of My Father Video;Chicory Tip;Pop
1296;Uptown Top Rankin';Althea & Donna;Reggae
99;Best Of My Love;Aswad;Reggae
277;Don't Turn Around;Aswad;Reggae
1064;Shine;Aswad;Reggae
1086;Smile;Aswad;Reggae
1326;What Is Love;Aswad;Reggae
149;Buffalo Soldier;Bob Marley;Reggae
202;Concrete Jungle;Bob Marley;Reggae
529;I Shot The Sheriff;Bob Marley;Reggae
1137;Stir It Up;Bob Marley;Reggae
719;Lively Up Yourself;Bob Marley;Reggae
783;Man In The Hills;Burning Spear;Reggae
816;Money;Cornell Campbell;Reggae
609;It Was Written;Damian Jr. Gong Marley Feat. Capleton;Reggae
118;Black Woman;Judy Mowat;Reggae
389;Get Up Stand Up;Peter Tosh;Reggae
638;Johnny B. Goode;Peter Tosh;Reggae
640;Johnny B. Goode;Peter Tosh;Reggae
694;Legalise It;Peter Tosh;Reggae
236;Declaration Of Rights;The Abyssinians;Reggae
1025;Satta Massa Gana;The Abyssinians;Reggae
886;One In Ten;Ub 40;Reggae
258;Donna;10cc;Rock
576;I'm Mandy Fly Me;10cc;Rock
577;I'm Not In Love;10cc;Rock
1235;The Things We Do For Love;10cc;Rock
1330;What's Up;4 Non Blondes;Rock
579;I'm On Fire;5000 Volts;Rock
240;Der Kommissar;After The Fire;Rock
341;Felicita;Al Bano & Romina Power;Rock
1306;Volare;Al Martino;Rock
117;Black Velvet;Alannah Miles;Rock
104;Billion Dollar Babies;Alice Cooper;Rock
571;I'm Eighteen;Alice Cooper;Rock
1030;School's Out;Alice Cooper;Rock
1031;School's Out;Alice Cooper;Rock
175;Check My Brain;Alice In Chains;Rock
1007;Rooster;Alice In Chains;Rock
1410;Your Decision;Alice In Chains;Rock
1348;Whipping Post;Allman Brothers Band;Rock
655;Just My Jealous Mind;Alvin Stardust;Rock
834;My Coo Ca Choo;Alvin Stardust;Rock
12;A Horse With No Name;America;Rock
262;Don't Cross The River;America;Rock
1298;Ventura Highway;America;Rock
1072;Silver Bride;Amorphis;Rock
1316;We Gotta Get Out Of This Place;Animals;Rock
955;Rain And Tears;Aphrodite's Child;Rock
867;Nothing Else Matters;Apocalyptica;Rock
199;Coming Into Los Angeles;Arlo Guthrie;Rock
86;Bad Company;Bad Company;Rock
983;Rock Steady;Bad Company;Rock
1033;Seagull;Bad Company;Rock
705;Life Is For Living;Barclay James Harvest;Rock
1167;Surfin' Safari;Beach Boys;Rock
477;Holiday;Bee Gees;Rock
700;Let Your Love Flow;Bellamy Brothers;Rock
1128;Stand By Me;Ben E.king;Rock
977;Rock;Bill Haley & His Comets;Rock
981;Rock Around The Clock;Bill Haley & His Comets;Rock
985;Rock-a-beatin' Boogie;Bill Haley & His Comets;Rock
1042;See You Later Alligator;Bill Haley & His Comets;Rock
713;Little Children;Billy J.kramer & The Dakotas;Rock
502;I Can Help;Billy Swan;Rock
115;Black Sabbath;Black Sabbath;Rock
178;Children Of The Grave;Black Sabbath;Rock
846;N.i.b.;Black Sabbath;Rock
907;Paranoid;Black Sabbath;Rock
1105;Song 2;Blur;Rock
35;All Along The Watchtower;Bob Dylan;Rock
126;Blowing In The Wind;Bob Dylan;Rock
304;Early Morning Rain;Bob Dylan;Rock
365;Forever Young;Bob Dylan;Rock
497;Hurricane;Bob Dylan;Rock
528;I Shall Be Released;Bob Dylan;Rock
667;Knockin' On Heaven's Door;Bob Dylan;Rock
707;Like A Rolling Stone;Bob Dylan;Rock
770;Maggie's Farm;Bob Dylan;Rock
292;Dream Lover;Bobby Darin;Rock
547;If I Were A Carpenter;Bobby Darin;Rock
610;It's A Heartache;Bonnie Tyler;Rock
743;Lost In France;Bonnie Tyler;Rock
818;More Than Feeling;Boston;Rock
774;Make My Light Shine;Boz Scaggs;Rock
431;Have You Really Ever Loved A Woman;Bryan Adams;Rock
55;Angel Eyes;Bryan Ferry;Rock
702;Let's Stick Together;Bryan Ferry;Rock
274;Don't Stop The Dance;Bryan Ferry;Rock
604;Is Your Love Strong Enough;Bryan Ferry;Rock
624;Jealous Guy;Bryan Ferry;Rock
913;Peggy Sue;Buddy Holly & The Crickets;Rock
359;For What It's Worth;Buffalo Springfield;Rock
11;A Change Is Gonna Come;Canned Heat;Rock
400;Going Up The Country;Canned Heat;Rock
836;My Favourite Game;Cardigans;Rock
1415;You're So Vain;Carly Simon;Rock
515;I Heard It Through The Grapevine;Ccr;Rock
555;If You Leave Me Now;Chicago;Rock
543;I'd Rather Go Blind;Chicken Shack;Rock
1358;Wicked Game;Chris Isaak;Rock
1022;San Bernardino;Christie;Rock
1387;Yellow River;Christie;Rock
105;Bio;Chuck Berry;Rock
166;Carol;Chuck Berry;Rock
636;Johnny B. Goode;Chuck Berry;Rock
715;Little Queenie;Chuck Berry;Rock
800;Memphis, Tennessee;Chuck Berry;Rock
835;My Ding-a-ling;Chuck Berry;Rock
876;Oh Baby Doll;Chuck Berry;Rock
991;Roll Over Beethoven;Chuck Berry;Rock
1395;You Can't Catch Me;Chuck Berry;Rock
1052;Shake Me;Cinderella;Rock
721;Living Doll;Cliff Richard;Rock
744;Love;Cliff Richard;Rock
1246;The Young Ones;Cliff Richard;Rock
1271;Travellin Light;Cliff Richard;Rock
772;Make Me Smile;Cockney Rebel;Rock
773;Make Me Smile;Cockney Rebel;Rock
1038;Sebastian;Cockney Rebel;Rock
1142;Strange Brew;Cream;Rock
1163;Sunshine Of Your Love;Cream;Rock
1352;White Room;Cream;Rock
200;Commotion;Creedence Clearwater Revival;Rock
205;Cotton Fields;Creedence Clearwater Revival;Rock
285;Down On The Corner;Creedence Clearwater Revival;Rock
412;Green River;Creedence Clearwater Revival;Rock
430;Have You Ever Seen The Rain;Creedence Clearwater Revival;Rock
522;I Put A Spell On You;Creedence Clearwater Revival;Rock
615;It's Just A Thought;Creedence Clearwater Revival;Rock
732;Long As I Can See The Light;Creedence Clearwater Revival;Rock
738;Looking Out My Back Door;Creedence Clearwater Revival;Rock
860;Night Time Is The Right Time;Creedence Clearwater Revival;Rock
899;Pagan Baby;Creedence Clearwater Revival;Rock
940;Proud Mary;Creedence Clearwater Revival;Rock
7;4 + 20;Crosby, Stills, Nash & Young;Rock
281;Down By The River;Crosby, Stills, Nash & Young;Rock
450;Helpless;Crosby, Stills, Nash & Young;Rock
1375;Wooden Ships;Crosby, Stills, Nash & Young;Rock
1377;Woodstock;Crosby, Stills, Nash & Young;Rock
978;Rock & Roll Is Here To Stay;Danny & The Juniors;Rock
106;Bits And Pieces;Dave Clark Five;Rock
235;Death Of A Clown;Dave Davies;Rock
475;Hold Tight;Dave Dee ,dozy, Beaky, Mick & Tich;Rock
514;I Hear You Knocking;Dave Edmunds;Rock
114;Black Night;Deep Purple;Rock
177;Child In Time;Deep Purple;Rock
238;Demons Eyes;Deep Purple;Rock
348;Fireball;Deep Purple;Rock
447;Help;Deep Purple;Rock
473;Highway Star;Deep Purple;Rock
498;Hush;Deep Purple;Rock
601;Into The Fire;Deep Purple;Rock
745;Love Conquers All;Deep Purple;Rock
786;Mandrake Root;Deep Purple;Rock
1088;Smoke On The Water;Deep Purple;Rock
1120;Speed King;Deep Purple;Rock
1143;Strange Kind Of Woman;Deep Purple;Rock
1331;When A Blind Man Cries;Deep Purple;Rock
1384;Wring That Neck;Deep Purple;Rock
982;Rock Of Ages;Def Leppard;Rock
139;Bored;Deftones;Rock
172;Change;Deftones;Rock
986;Rocket Skates;Deftones;Rock
869;Nothing Ever Happens;Del Amitri;Rock
932;Poor Elijah;Delaney & Bonny Feat. Eric Clapton;Rock
866;Not All Who Wander Are Lost;Devildriver;Rock
1121;Spellbound (by The Devil);Dimmu Borgir;Rock
1206;The Chosen Legacy;Dimmu Borgir;Rock
146;Brothers In Arms;Dire Straits;Rock
1154;Sultans Of Swing;Dire Straits;Rock
641;Jolene;Dolly Parton;Rock
585;Imagine;Dolly Parton;Rock
51;American Pie;Don Mclean;Rock
1304;Vincent;Don Mclean;Rock
944;Puppy Love;Donny Osmond;Rock
77;Atlantis;Donovan;Rock
628;Jersey Thursday;Donovan;Rock
1223;The Lullaby Of Spring;Donovan;Rock
1178;Sylvia's Mother;Dr. Hook;Rock
1340;When You're In Love With A Beautiful Woman;Dr. Hook;Rock
963;Rebel Rouser;Duanne Eddy;Rock
191;C'mon Everybody;Eddie Cochran;Rock
1157;Summertime Blues;Eddie Cochran;Rock
1191;Teenage Heaven;Eddie Cochran;Rock
1281;Twenty Flight Rock;Eddie Cochran;Rock
352;Flight Of The Bumble-bee;Ekseption;Rock
138;Border Song;Elton John;Rock
213;Crocodile Rock;Elton John;Rock
405;Goodbye Yellow Brick Road;Elton John;Rock
922;Pinball Wizard;Elton John;Rock
1079;Sixty Years On;Elton John;Rock
1110;Sorry Seem To Be The Hardest Word;Elton John;Rock
266;Don't Go Breaking My Heart;Elton John;Rock
265;Don't Go Breaking My Heart;Elton John;Rock
164;Can't Help Fallling In Love;Elvis Presley;Rock
259;Don't Be Cruel;Elvis Presley;Rock
439;Heartbreak Hotel;Elvis Presley;Rock
488;Hound Dog;Elvis Presley;Rock
592;In The Ghetto;Elvis Presley;Rock
622;Jailhouse Rock;Elvis Presley;Rock
755;Love Me;Elvis Presley;Rock
758;Love Me Tender;Elvis Presley;Rock
1169;Suspicious Minds;Elvis Presley;Rock
1190;Teddy Bear;Elvis Presley;Rock
1242;The Wonder Of You;Elvis Presley;Rock
1268;Too Much;Elvis Presley;Rock
1275;Trouble;Elvis Presley;Rock
1374;Wooden Heart;Elvis Presley;Rock
171;C'est La Vie;Emerson Lake & Palmer;Rock
670;Lacky Man;Emerson Lake & Palmer;Rock
321;Evangeline;Emmylou Harris & The Band;Rock
676;Lady In Black;Ensiferum;Rock
605;Isa;Enslaved;Rock
79;Baby Come Back;Equals;Rock
116;Black Skinned Blue Eyed Boy;Equals;Rock
901;Paint It Black;Eric Burdon & War;Rock
663;Kiss You All Over;Exile;Rock
94;Beat It;Fall Out Boy Feat John Mayer;Rock
474;Hocus Pocus;Focus;Rock
1177;Sylvia;Focus;Rock
229;Darling;Frankie Miller;Rock
43;All Right Now;Free;Rock
347;Fire And Water;Free;Rock
825;Mr. Big;Free;Rock
827;Mr. Big;Free;Rock
96;Be-bop-a-lula;Gene Vincent;Rock
989;Roll Over Beethoven;Gene Vincent;Rock
97;Behind That Locked Door;George Harrison;Rock
101;Beware Of Darkness;George Harrison;Rock
125;Blow Away;George Harrison;Rock
453;Here Comes The Sun;George Harrison;Rock
844;My Sweet Lord;George Harrison;Rock
1347;While My Guitar Gently Weeps;George Harrison;Rock
454;Here Comes The Sun;George Harrison;Rock
87;Baker Street;Gerry Rafferty;Rock
83;Back Home;Golden Earring;Rock
148;Buddy Joe;Golden Earring;Rock
954;Radar Love;Golden Earring;Rock
882;On The Line;Graham Nash;Rock
583;I'm Your Captain;Grand Funk Railroad;Rock
597;Inside Looking Out;Grand Funk Railroad;Rock
598;Inside Looking Out;Grand Funk Railroad;Rock
724;Locomotion;Grand Funk Railroad;Rock
1323;We're An American Band;Grand Funk Railroad;Rock
627;Jeopardy;Greg Kihn;Rock
391;Ghosts Of War;Hatebreed;Rock
293;Dreamboat Annie;Heart;Rock
856;New York Groove;Hello;Rock
630;Jezebel;Herman's Hermits;Rock
653;Just A Little Bit Better;Herman's Hermits;Rock
864;No Milk Today;Herman's Hermits;Rock
153;Buried Alive By Love;Him;Rock
935;Pretending;Him;Rock
1357;Wicked Game;Him;Rock
1364;Wings Of A Butterfly;Him;Rock
31;Alabama '69;Humble Pie;Rock
362;For Your Love;Humble Pie;Rock
848;Natural Born Boogie;Humble Pie;Rock
970;Riders On The Storm;Ian Astbury & The Doors;Rock
677;Lady In Black;Iris;Rock
306;Easy Rider;Iron Butterfly;Rock
280;Doolin Dalton;J.d. Souther;Rock
263;Don't Cry Sister;J.j.cale;Rock
346;Fire And Rain;James Taylor;Rock
216;Crown Of Creation;Jefferson Airplane;Rock
789;Martha;Jefferson Airplane;Rock
1228;The Other Side Of This Life;Jefferson Airplane;Rock
1315;We Can Be Together;Jefferson Airplane;Rock
1351;White Rabbit;Jefferson Airplane;Rock
142;Breathless;Jerry Lee Lewis;Rock
67;Aqualung;Jethro Tull;Rock
620;Jack-a-lynn;Jethro Tull;Rock
725;Locomotive Breath;Jethro Tull;Rock
1106;Song For Jeffrey;Jethro Tull;Rock
1369;With You There To Help Me;Jethro Tull;Rock
36;All Along The Watchtower;Jimi Hendrix;Rock
69;Are You Experienced;Jimi Hendrix;Rock
257;Dolly Dagger;Jimi Hendrix;Rock
367;Foxy Lady;Jimi Hendrix;Rock
436;Hear My Train A' Comin';Jimi Hendrix;Rock
461;Hey Joe;Jimi Hendrix;Rock
637;Johnny B. Goode;Jimi Hendrix;Rock
708;Like A Rolling Stone;Jimi Hendrix;Rock
717;Little Wing;Jimi Hendrix;Rock
768;Machine Gun;Jimi Hendrix;Rock
945;Purple Haze;Jimi Hendrix;Rock
1308;Voodoo Child;Jimi Hendrix;Rock
561;I'll See You In My Dreams;Joe Brown;Rock
220;Cry Me A River;Joe Cocker;Rock
1221;The Letter;Joe Cocker;Rock
1289;Unchain My Heart;Joe Cocker;Rock
1367;With A Little Help From My Friends;Joe Cocker;Rock
413;Green River;John Fogerty;Rock
429;Have You Ever Seen The Rain;John Fogerty;Rock
484;Hoochie Coochie Man;John Fogerty;Rock
523;I Put A Spell On You;John Fogerty;Rock
1355;Who'll Stop The Rain;John Fogerty;Rock
130;Blue Moon Nights;John Forgety;Rock
739;Looking Out My Back Door;John Forgety;Rock
796;Mean Town Blues;Johnny Winter;Rock
103;Big Yellow Taxi;Joni Mitchell;Rock
1376;Woodstock;Joni Mitchell;Rock
297;Dust In The Wind;Kansas;Rock
1230;The Pinnacle;Kansas;Rock
1385;Wuthering Heights;Kate Bush;Rock
723;Locked Away;Keith Richards;Rock
685;Larks Tongues In Aspic;King Crimson;Rock
726;Lola;Kinks;Rock
517;I Love It Loud;Kiss;Rock
538;I Was Made For Lovin' You;Kiss;Rock
61;Another Brick In The Wall;Korn;Rock
121;Blind;Korn;Rock
190;Clown;Korn;Rock
245;Did My Time;Korn;Rock
331;Falling Away From Me;Korn;Rock
433;Haze;Korn;Rock
1065;Shoots And Ladders;Korn;Rock
1386;Y'all Want A Single;Korn;Rock
1046;Set To Fail;Lamb Of God;Rock
201;Communication Breakdown;Led Zeppelin;Rock
493;How Many More Times;Led Zeppelin;Rock
589;Immigrant Song;Led Zeppelin;Rock
896;Over The Hills And Far Away;Led Zeppelin;Rock
1127;Stairway To Heaven;Led Zeppelin;Rock
1354;Whole Lotta Love;Led Zeppelin;Rock
14;A Song For You;Leon Russell;Rock
908;Partisan;Leonard Cohen;Rock
1170;Suzanne;Leonard Cohen;Rock
1229;The Partisan;Leonard Cohen;Rock
865;Nookie;Limp Bizkit;Rock
127;Blue Bayou;Linda Ronstadt;Rock
616;It's So Easy;Linda Ronstadt;Rock
993;Rolling In The Deep;Linkin Park;Rock
998;Rolling In The Deep;Linkin Park;Rock
765;Lucille;Little Richard;Rock
542;I'd Love You To Want Me;Lobo;Rock
1155;Summer In The City;Lovin' Spoonful;Rock
969;Ride The Sky;Lucifer's Friend;Rock
368;Free Bird;Lynyrd Skynyrd;Rock
1027;Saturday Night Special;Lynyrd Skynyrd;Rock
1197;That Smell;Lynyrd Skynyrd;Rock
1183;T For Texas;Lynyrd Skynyrd;Rock
241;Descend The Shades Of Night;Machine Head;Rock
806;Mighty Quinn;Manfred Mann;Rock
911;Peace Sells;Megadeth;Rock
1182;Symphony Of Destruction;Megadeth;Rock
1325;What Have They Done To My Song, Ma;Melanie;Rock
287;Down Under;Men At Work;Rock
868;Nothing Else Matters;Metallica;Rock
1119;Spanish Stroll;Mink Deville;Rock
861;Nights In White Satin;Moody Blues;Rock
988;Roll Away The Stone;Mott The Hoople;Rock
1115;Southbound Train;Mountain;Rock
491;How Do You Do;Mouth & Macneal;Rock
526;I See A Star;Mouth & Macneal;Rock
1259;Tiger Feet;Mud;Rock
46;Alright,alright,alright;Mungo Jerry;Rock
595;In The Summertime;Mungo Jerry;Rock
887;One Night In Bankok;Murray Head;Rock
747;Love Hurts;Nazareth;Rock
13;A Man Needs A Maid ( Heart Of Gold );Neil Young;Rock
209;Cowgirl In The Sand;Neil Young;Rock
437;Heart Of Gold;Neil Young;Rock
451;Helpless;Neil Young;Rock
644;Journey Through The Past;Neil Young;Rock
881;Old Man;Neil Young;Rock
895;Out On The Weekend;Neil Young;Rock
1193;Tell Me Why;Neil Young;Rock
452;Henry Lee;Nick Cave & Pj Harvey;Rock
1085;Smells Like Teen Spirit;Nirvana;Rock
1224;The Man Who Sold The World;Nirvana;Rock
399;Going Back To My Roots;Odissey;Rock
415;Gyongyhaju lany;Omega;Rock
8;5 Minutes Alone;Pantera;Rock
208;Cowboys From Hell;Pantera;Rock
942;Psycho Holiday;Pantera;Rock
438;Heart Of The Country;Paul Mccartney;Rock
752;Love Is Blue;Paul Mauriat;Rock
44;All Things Must Pass;Paul Mccartney;Rock
63;Another Day;Paul Mccartney;Rock
119;Blackbyrd;Paul Mccartney;Rock
467;Hey Jude;Paul Mccartney;Rock
468;Hey Jude;Paul Mccartney;Rock
652;Junk;Paul Mccartney;Rock
830;Mull Of Kintyre;Paul Mccartney;Rock
1392;Yesterday;Paul Mccartney;Rock
312;Eleanor Rigby;Paul Mccartney;Rock
1099;Something;Paul Mccartney;Rock
344;Fifty Ways To Leave Your Lover;Paul Simon;Rock
19;A World Without Love;Peter & Gordon;Rock
1067;Show Me The Way;Peter Frampton;Rock
1068;Show Me The Way;Peter Frampton;Rock
785;Man Of The World;Peter Green;Rock
60;Another Brick In The Wall;Pink Floyd;Rock
62;Another Brick In The Wall;Pink Floyd;Rock
165;Careful With That Axe, Eugene;Pink Floyd;Rock
600;Interstellar Overdrive;Pink Floyd;Rock
888;One Of These Days;Pink Floyd;Rock
1039;See Emily Play;Pink Floyd;Rock
1045;Set The Controls For The Heart Of The Sun;Pink Floyd;Rock
9;50ft. Queenie;Pj Harvey;Rock
282;Down By The Water;Pj Harvey;Rock
603;Is That All There Is;Pj Harvey;Rock
1055;Shame;Pj Harvey;Rock
1209;The Desperate Kingdom Of Love;Pj Harvey;Rock
1398;You Come Through;Pj Harvey;Rock
1198;That Was My Veil;Pj Harvey;Rock
18;A Whiter Shade Of Pale;Procol Harum;Rock
478;Homburg;Procol Harum;Rock
812;Missisippi;Pussycat;Rock
833;My Broken Souvenirs;Pussycat;Rock
371;Fresh Air;Quicksilver Messenger Service;Rock
814;Mojo;Quicksilver Messenger Service;Rock
962;Reason To Believe;Rod Stewart;Rock
110;Black Betty;Ram Jam;Rock
852;Needles And Pins;Ramones;Rock
1179;Sympathy;Rare Bird;Rock
1320;We Were All Wounded At Wounded Knee;Redbone;Rock
432;Hazard;Richard Marx;Rock
614;It's Don't Come Easy;Ringo Starr;Rock
551;If I Were A Carpenter;Robert Plant;Rock
769;Maggie May;Rod Stewart;Rock
24;After Dark I Feel;Rotting Christ;Rock
880;Oh,pretty Woman;Roy Orbison;Rock
1139;Stop;Sam Brown;Rock
113;Black Magic Woman;Santana;Rock
320;Europa;Santana;Rock
327;Evil Ways;Santana;Rock
587;Imagine;Santana;Rock
596;Incident At Neshabur;Santana;Rock
632;Jingo;Santana;Rock
650;Jungle Strut;Santana;Rock
1020;Samba Pa Ti;Santana;Rock
1111;Soul Sacrifice;Santana;Rock
111;Black Crow On A Tombstone;Satyricon;Rock
374;Fuel For Hatred;Satyricon;Rock
657;K.i.n.g.;Satyricon;Rock
75;Ascension Chamber;Scar Symmetry;Rock
1350;White Dove;Scorpions;Rock
150;Bullet The Blue Sky;Sepultura;Rock
808;Mind War;Sepultura;Rock
894;Ostia;Sepultura;Rock
645;Juanita;Shania Twain;Rock
144;Bridge Over Troubled Water;Simon & Garfunkel;Rock
310;El Condor Pasa;Simon & Garfunkel;Rock
358;For Emily, Whenever I May Find Her;Simon & Garfunkel;Rock
479;Homeward Bound;Simon & Garfunkel;Rock
1113;Sound Of Silence;Simon & Garfunkel;Rock
1203;The Boxer;Simon & Garfunkel;Rock
221;Cum On Feel The Noize;Slade;Rock
737;Look Wot You Dun;Slade;Rock
57;Angel Of Death;Slayer;Rock
124;Bloodline;Slayer;Rock
328;Eyes Of The Insane;Slayer;Rock
1036;Seasons In The Abyss;Slayer;Rock
690;Lazy Sunday;Small Faces;Rock
1265;Tin Soldier;Small Faces;Rock
559;I'll Meet You At Midnight;Smokie;Rock
803;Mexican Girl;Smokie;Rock
851;Needles And Pins;Smokie;Rock
513;I Got You Babe;Sonny & Cher;Rock
1015;Runaway Train;Soul Asylum;Rock
1252;This Town Ain't Big Enough;Sparks;Rock
565;I'm A Man;Spencer Davis Group;Rock
283;Down Down;Status Quo;Rock
382;Gerdundula;Status Quo;Rock
383;Gerdundula;Status Quo;Rock
591;In The Army Now;Status Quo;Rock
722;Living On An Island;Status Quo;Rock
795;Mean Girl;Status Quo;Rock
902;Paper Plane;Status Quo;Rock
919;Pictures Of Matchstick Men;Status Quo;Rock
975;Roadhouse Blues;Status Quo;Rock
987;Rockin All Over The World;Status Quo;Rock
687;Late Again;Stealers Wheel;Rock
1146;Stuck In The Middle With You;Stealers Wheel;Rock
140;Born To Be Wild;Steppenwolf;Rock
1108;Sookie Sookie;Steppenwolf;Rock
465;Hey Joe;Steve Winwood & Slash;Rock
718;Little Wing;Stevie Ray Vaughan;Rock
134;Boat On The River;Styx;Rock
395;Give A Little Bit;Supertramp;Rock
553;If You Can't Give Me Love;Suzi Quatro;Rock
242;Devil Gate Drive;Suzi Quatro;Rock
933;Poppa Joe;Sweet;Rock
802;Metal Guru;T Rex;Rock
486;Hot Love;T Rex;Rock
386;Get It On;T Rex;Rock
1112;Souls Of Black;Testament;Rock
485;Hoochie Coochie Man;The Allman Brothers Band;Rock
267;Don't Let Me Be Misunderstood;The Animals;Rock
490;House Of The Rising Sun;The Animals;Rock
570;I'm Crying;The Animals;Rock
527;I Shall Be Released;The Band;Rock
1226;The Night They Drove Old Dixie Down;The Band;Rock
1248;Theme From The Last Waltz;The Band;Rock
469;Hey Little Bird;The Barbarians;Rock
157;Bye, Bye, Baby (baby Goodbye);The Bay City Rollers;Rock
403;Good Vibrations;The Beach Boys;Rock
501;I Can Hear Music;The Beach Boys;Rock
21;Across The Universe;The Beatles;Rock
22;Across The Universe;The Beatles;Rock
30;Ain't She Sweet;The Beatles;Rock
45;All You Need Is Love;The Beatles;Rock
54;And I Love Her;The Beatles;Rock
81;Baby It's You;The Beatles;Rock
128;Blue Jay Way;The Beatles;Rock
219;Cry Baby Cry;The Beatles;Rock
230;Day In The Life;The Beatles;Rock
247;Dig It;The Beatles;Rock
251;Dizzy Miss Lizzy;The Beatles;Rock
270;Don't Let Me Down;The Beatles;Rock
271;Don't Let Me Down;The Beatles;Rock
311;Eleanor Rigby;The Beatles;Rock
356;Fool On The Hill;The Beatles;Rock
360;For You Blue;The Beatles;Rock
373;From Me To You;The Beatles;Rock
384;Get Back;The Beatles;Rock
421;Happiness Is A Warm Gun;The Beatles;Rock
445;Hello Goodbye;The Beatles;Rock
457;Hey Bulldog;The Beatles;Rock
466;Hey Jude;The Beatles;Rock
472;Hey! Hey! Hey;The Beatles;Rock
500;I Am The Walrus;The Beatles;Rock
519;I Me Mine;The Beatles;Rock
520;I Need You;The Beatles;Rock
524;I Saw Her Standing There;The Beatles;Rock
533;I Wanna Be Your Man;The Beatles;Rock
536;I Want To Hold Your Hand;The Beatles;Rock
537;I Want To Hold Your Hand;The Beatles;Rock
574;I'm Happy Just To Dance With You;The Beatles;Rock
590;In My Life;The Beatles;Rock
679;Lady Madonna;The Beatles;Rock
696;Let It Be;The Beatles;Rock
734;Long Tall Sally;The Beatles;Rock
756;Love Me Do;The Beatles;Rock
804;Michelle;The Beatles;Rock
873;Ob-la-di Ob-la-da;The Beatles;Rock
904;Paperback Writer;The Beatles;Rock
930;Please, Please Me;The Beatles;Rock
967;Revolution;The Beatles;Rock
980;Rock And Roll Music;The Beatles;Rock
990;Roll Over Beethoven;The Beatles;Rock
1060;She Loves You;The Beatles;Rock
1062;Shea Stadium;The Beatles;Rock
1094;Some Other Guy;The Beatles;Rock
1098;Something;The Beatles;Rock
1211;The End;The Beatles;Rock
1222;The Long And Winding Road;The Beatles;Rock
1262;Till There Was You;The Beatles;Rock
1282;Twist And Shout;The Beatles;Rock
1285;Two Of Us;The Beatles;Rock
1389;Yesterday;The Beatles;Rock
1411;Your Mother Should Know;The Beatles;Rock
1412;You're Gonna Lose That Girl;The Beatles;Rock
1416;You've Got To Hide Your Love Away;The Beatles;Rock
556;If...;The Bluetones;Rock
1220;The Letter;The Box Tops;Rock
176;Chestnut Mare;The Byrds;Rock
33;Albinoni's Adagio In G Minor;The Doors;Rock
914;People Are Strange;The Doors;Rock
974;Roadhouse Blues;The Doors;Rock
1205;The Changeling;The Doors;Rock
1207;The Crystal Ship;The Doors;Rock
1359;Wild Child;The Doors;Rock
487;Hotel California;The Eagles;Rock
912;Peaceful Easy Feeling;The Eagles;Rock
1026;Saturday Night;The Eagles;Rock
1195;Tequila Sunrise;The Eagles;Rock
1365;Witchy Woman;The Eagles;Rock
372;Friday On My Mind;The Easybeats;Rock
66;Apache Drop Out;The Edgar Broughton Band;Rock
39;All I Have To Do Is Dream;The Everly Brothers;Rock
1180;Sympathy;The Family Dogg;Rock
1383;Would I Be Crying;The Flamingos;Rock
180;China Cat Sunflower & I Know You Rider;The Grateful Dead;Rock
427;Hard To Handle;The Grateful Dead;Rock
612;It's All Over Now;The Grateful Dead;Rock
855;New Speedway Boogie;The Grateful Dead;Rock
1153;Sugaree;The Grateful Dead;Rock
1290;Uncle John's Band;The Grateful Dead;Rock
53;American Woman;The Guess Who;Rock
906;Paradise Lost;The Herd;Rock
656;Just One Look;The Hollies;Rock
635;Johnny B. Goode;The Hooters;Rock
17;A Well Respected Man;The Kinks;Rock
169;Celluloid Heroes;The Kinks;Rock
231;Days;The Kinks;Rock
1160;Sunny Afternoon;The Kinks;Rock
1314;Waterloo Sunset;The Kinks;Rock
1403;You Really Got Me;The Kinks;Rock
211;Creeque Alley;The Mamas & The Papas;Rock
815;Monday, Monday;The Mamas & The Papas;Rock
419;Ha!ha!said The Clown;The Manfred Mann;Rock
841;My Little One;The Marmalade;Rock
872;Ob-la-di Ob-la-da;The Marmalade;Rock
956;Rainbow;The Marmalade;Rock
964;Reflections Of My Life;The Marmalade;Rock
1267;Tonight;The Move;Rock
1393;Yo Yo;The Osmonds;Rock
1402;You Make Me Dizzy Miss Lizzy;The Plastic Ono Band;Rock
916;Peter Gunn Theme;The Remo Four;Rock
2;(i Can't Get No) Satisfaction;The Rolling Stones;Rock
6;2000 Light Years From Home;The Rolling Stones;Rock
58;Angie;The Rolling Stones;Rock
73;Around And Around;The Rolling Stones;Rock
147;Brown Sugar;The Rolling Stones;Rock
286;Down The Road Apiece;The Rolling Stones;Rock
323;Everybody Needs Somebody To Love;The Rolling Stones;Rock
392;Gimme Shelter;The Rolling Stones;Rock
402;Good Times;The Rolling Stones;Rock
481;Honky Tonk Women;The Rolling Stones;Rock
532;I Wanna Be Your Man;The Rolling Stones;Rock
567;I'm All Right;The Rolling Stones;Rock
647;Jumping Jack Flash;The Rolling Stones;Rock
678;Lady Jane;The Rolling Stones;Rock
716;Little Red Rooster;The Rolling Stones;Rock
749;Love In Vain;The Rolling Stones;Rock
801;Mercy Mercy;The Rolling Stones;Rock
863;No Expectations;The Rolling Stones;Rock
874;Off The Hook;The Rolling Stones;Rock
875;Oh Baby (we Got A Good Thing Goin');The Rolling Stones;Rock
900;Paint It Black;The Rolling Stones;Rock
931;Plundered My Soul;The Rolling Stones;Rock
1013;Ruby Tuesday;The Rolling Stones;Rock
1024;Satisfaction;The Rolling Stones;Rock
1181;Sympathy For The Devil;The Rolling Stones;Rock
1219;The Last Time;The Rolling Stones;Rock
1264;Time Is On My Side;The Rolling Stones;Rock
1292;Under My Thumb;The Rolling Stones;Rock
1318;We Love You;The Rolling Stones;Rock
1360;Wild Horses;The Rolling Stones;Rock
1394;You Better Move On;The Rolling Stones;Rock
759;Love Potion #9;The Searchers;Rock
151;Bullet With Butterfly Wings;The Smashing Pumpkins;Rock
499;I Am One;The Smashing Pumpkins;Rock
1078;Siva;The Smashing Pumpkins;Rock
298;Dust My Blues;The Spencer Davis Group;Rock
393;Gimme Some Lovin';The Spencer Davis Group;Rock
423;Happy Jack;The Who;Rock
921;Pinball Wizard;The Who;Rock
1019;Sally Simpson;The Who;Rock
1040;See Me, Feel Me;The Who;Rock
1149;Substitute;The Who;Rock
1158;Summertime Blues;The Who;Rock
408;Got To Hurry;The Yardbirds;Rock
541;I Wish You Would;The Yardbirds;Rock
564;I'm A Man;The Yardbirds;Rock
563;I'm A Man;The Yardbirds;Rock
260;Don't Believe A Word;Thin Lizzy;Rock
307;Easy To Be Hard;Three Dog Nights;Rock
1234;The Show Must Go On;Three Dog Nights;Rock
761;Love Walked In;Thunder;Rock
1100;Something In The Air;Thunderclap Newman;Rock
549;If I Were A Carpenter;Tim Hardin;Rock
775;Makedonija;Time & Dado Topic;Rock
1201;The Acid Queen (underture);Tina Turner;Rock
521;I Need You;Tom Petty;Rock
250;Dizzy;Tommy Roe;Rock
658;Kansas City;Tony Sheridan;Rock
1012;Ruby Baby;Tony Sheridan;Rock
1172;Sweet Georgia Brown;Tony Sheridan;Rock
476;Hole In My Shoe;Traffic;Rock
634;John Barleycorn;Traffic;Rock
751;Love Is All Around;Troggs;Rock
1366;With A Girl Like You;Troggs;Rock
122;Blind Eye;Uriah Heep;Rock
305;Easy Livin';Uriah Heep;Rock
417;Gypsy;Uriah Heep;Rock
675;Lady In Black;Uriah Heep;Rock
736;Look At Yourself;Uriah Heep;Rock
1161;Sunrise;Uriah Heep;Rock
1401;You Keep Me Hangin' On;Vanilla Fudge;Rock
923;Pitch Black Brigade;Vreid;Rock
972;Ritual;Warhorse;Rock
642;Jolene;White Stripes;Rock
582;I'm Your Boogieman;White Zombie;Rock
1164;Supercharger Heaven;White Zombie;Rock
1256;Thunder Kiss '65;White Zombie;Rock
1322;Welcome To Planet Motherfukker;White Zombie;Rock
1136;Still Of The Night;Whitesnake;Rock
842;My Love;Wings;Rock
102;Beyond The Dark Sun;Wintersun;Rock
233;Death And The Healing;Wintersun;Rock
693;Leaf And Stream;Wishbone Ash;Rock
915;Persephone;Wishbone Ash;Rock
1217;The King Will Come;Wishbone Ash;Rock
1041;See My Baby Jive;Wizzard;Rock
936;Prime Mover;Zodiac Mindwarp;Rock
129;Blue Jeans Blues;Zz Top;Rock
463;Hey Joe;Zz Top;Rock
669;La Grande;Zz Top;Rock
1279;Tush;Zz Top;Rock
1054;Shakin' All Over;Donna Loren;Rock
1028;Save Your Love;Great White;Rock
1291;Uncle Sam Blues;Hot Tuna;Rock
560;I'll Never Get Out Of These Blues Alive;John Lee Hooker;Rock
326;Everything's Gonna Be Alright;Paul Butterfield;Rock
659;Keep On Running;Spencer Davis Group;Rock
792;Me And Bobby Mcgee;The Grateful Dead;Rock
754;Love Machine;Supermax;Electronic
1381;World Of Today;Supermax;Electronic
688;Lay Down;Melanie;Country
828;Mr.tambourine Man;The Byrds;Country
47;Always On My Mind;Willie Nelson;Country
569;I'm Comin' On Back To You;Jackie Wilson;Soul
781;Mammy Blue;Los Pop Tops;Soul
37;All Along The Watchtower;Randy California & Friends;Soul
608;It Never Rains In Southern California;Albert Hammond;Pop
339;Feel;Anda Adam;Pop
1000;Rolling In The Deep;Celine Dion;Pop
683;Land Of 1000 Dances;J.giles Band;Pop
194;Cold Turkey;John Lennon;Pop
397;Give Peace A Chance;John Lennon;Pop
492;How Do You Sleep;John Lennon;Pop
586;Imagine;John Lennon;Pop
626;Jealous Guy;John Lennon;Pop
819;Mother;John Lennon;Pop
878;Oh My Love;John Lennon;Pop
1380;Working Class Hero;John Lennon;Pop
1337;When I Need You;Leo Sayer;Pop
1018;Sailing;Rod Stewart;Pop
1023;San Francisco;Scott Mckenzie;Pop
422;Happiness Stan;Small Faces;Pop
1107;Song Of A Baker;Small Faces;Pop
294;Driver's Seat;Sniff 'n' The Tears;Pop
1130;Star;Stealers Wheel;Pop
1192;Telegram Sam;T Rex;Pop
1037;Seasons In The Sun;Terry Jacks;Pop
253;Do It Again;The Beach Boys;Pop
512;I Get Around;The Beach Boys;Pop
5;(they Long To Be) Close To You;The Carpenters;Pop
189;Close To You;The Carpenters;Pop
928;Please Mr. Postman;The Carpenters;Pop
711;Listen To The Music;The Doobie Brothers;Pop
508;I Don't Want Our Loving To Die;The Herd;Pop
434;He Ain't Heavy He's My Brother;The Hollies;Pop
95;Be-bop-a-lula;The Houseshakers;Pop
158;California Dreamin';The Mamas & The Papas;Pop
416;Gypsy;The Moody Blues;Pop
516;I Knew From The Start;The Moonglows;Pop
850;Needles And Pins;The Searchers;Pop
1333;When I Come Home;The Spencer Davis Group;Pop
411;Green Green Grass Of Home;Tom Jones;Pop
525;I Saw Her Standing There;Wings;Pop
651;Junior's Farm;Wings;Pop
89;Ball Park Incident;Wizzard;Pop
1231;The Platinum Collection;Shania Twain;Country
290;Dreadlock Holiday;10cc;Reggae
1165;Superstar;Murray Head;Rock
820;Mother North;Satyricon;Rock
254;Do What You Like;Blind Faith;Rock
1293;Under My Thumb;Blind Faith;Rock
934;Power Of Love;Celine Dion;Pop
76;Ataque De Bobeira;Arthur Danni;Sertanejo
249;Disco Voador;Arthur Danni;Sertanejo
1305;Voce vai ficar em mim;Cristiano Araujo;Sertanejo
1032;Se Quer A Verdade;Dablio;Sertanejo
793;Me Beija;Diego Torres E Tiago;Sertanejo
809;Minha Mulher Nao Deixa Nao;Edinho;Sertanejo
10;60 Segundos;Gusttavo Lima;Sertanejo
183;Chora Chora;Gusttavo Lima;Sertanejo
319;Eu Vou Tentando Te Agarrar;Gusttavo Lima;Sertanejo
363;Fora Do Comum;Gusttavo Lima;Sertanejo
871;O Amor Nao Foi Feito Pra Dividir;Gusttavo Lima;Sertanejo
1277;Tsunami;Gusttavo Lima;Sertanejo
300;E Ai;Hugo E Gabriel;Sertanejo
870;O Amor De Antes;Hugo E Tiago;Sertanejo
301;E Deixe O Tempo Ver;Humberto E Ronaldo;Sertanejo
184;Chorar Por Amor;Israel E Rodolffo;Sertanejo
318;Eu voce e o nosso amor;Israel E Rodolffo;Sertanejo
1188;Tarde Demais;Joao Bosco e Vinicius;Sertanejo
692;Le Le Le;Joao Neto e Frederico;Sertanejo
182;Chora;Joao Neto e Frederico;Sertanejo
185;Chove Chove;Jorge E Matheus;Sertanejo
1048;Seu Astral;Jorge E Matheus;Sertanejo
951;Quem Vai Chorar;Mauricio E Eduardo;Sertanejo
1049;Sexto Sentido;Munhoz E Mariano;Sertanejo
884;Onde esta voce;Nahville;Sertanejo
203;Copo De Vinho;Ze Ricardo E Thiago;Sertanejo
709;Lily Was Here;Candy Dulfer & Dave Stewart;Jazz
997;Rolling In The Deep;Adele;Soul
999;Rolling In The Deep;Adele;Soul
1001;Rolling In The Deep;Adele;Soul
1003;Rolling In The Deep;Adele;Soul
1004;Rolling In The Deep;Adele;Soul
1005;Rolling In The Deep;Adele;Soul
1002;Rolling In The Deep;Los Vazquez Sounds;Soul
995;Rolling In The Deep;Marina;Soul
994;Rolling In The Deep;Mike Tompkins;Soul
1245;The X Factor 2011 Live Show;Misha B Is Rolling In The Deep;Soul
588;Imagine;Patti Labelle;Soul
72;Rolling In The Deep;Ariana Grande;Soul
3;(i Know) I'm Losing You;The Temptations;Soul
996;Rolling In The Deep;Vazquezsounds (cover Adele);Soul
1074;Singin' In The Rain;Gene Kelly;Rock
897;Over The Rainbow;Judy Garland;Rock
890;Only The Lonely;Roy Orbison;Rock
